<safrxml>
    <Generation>
        <Record>
            <XMLVERSION>3</XMLVERSION>
            <TYPE>View</TYPE>
            <PROGRAM>Workbench Version 4.17.020 Build 1045  </PROGRAM>
            <FILENAME>JAVA_GVBLENV2_Neil[10903].xml</FILENAME>
            <CREATEDTIMESTAMP>2023-08-02 11:17:53</CREATEDTIMESTAMP>
            <CREATEDUSERID>NEILB</CREATEDUSERID>
        </Record>
    </Generation>
    <View>
        <Record>
            <ENVIRONID>4</ENVIRONID>
            <VIEWID>10903</VIEWID>
            <NAME>JAVA_GVBLENV2_Neil</NAME>
            <EFFDATE></EFFDATE>
            <VIEWSTATUSCD>ACTVE</VIEWSTATUSCD>
            <VIEWTYPECD>EXTR </VIEWTYPECD>
            <EXTRACTFILEPARTNBR>1</EXTRACTFILEPARTNBR>
            <OUTPUTMEDIACD>FILE </OUTPUTMEDIACD>
            <OUTPUTLRID>0</OUTPUTLRID>
            <LFPFASSOCID>0</LFPFASSOCID>
            <PAGESIZE>66</PAGESIZE>
            <LINESIZE>250</LINESIZE>
            <ZEROSUPPRESSIND>0</ZEROSUPPRESSIND>
            <EXTRACTMAXRECCNT>0</EXTRACTMAXRECCNT>
            <EXTRACTSUMMARYIND>0</EXTRACTSUMMARYIND>
            <EXTRACTSUMMARYBUF>0</EXTRACTSUMMARYBUF>
            <OUTPUTMAXRECCNT>0</OUTPUTMAXRECCNT>
            <CONTROLRECID>1</CONTROLRECID>
            <WRITEEXITID>0</WRITEEXITID>
            <WRITEEXITSTARTUP></WRITEEXITSTARTUP>
            <FORMATEXITID>0</FORMATEXITID>
            <FORMATEXITSTARTUP></FORMATEXITSTARTUP>
            <FILEFLDDELIMCD></FILEFLDDELIMCD>
            <FILESTRDELIMCD></FILESTRDELIMCD>
            <DELIMHEADERROWIND>0</DELIMHEADERROWIND>
            <FORMATFILTLOGIC><![CDATA[]]></FORMATFILTLOGIC>
            <COMMENTS></COMMENTS>
            <CREATEDTIMESTAMP>2023-05-11 10:09:33</CREATEDTIMESTAMP>
            <CREATEDUSERID>NEILB   </CREATEDUSERID>
            <LASTMODTIMESTAMP>2023-05-11 10:10:57</LASTMODTIMESTAMP>
            <LASTMODUSERID>NEILB   </LASTMODUSERID>
            <COMPILER>PM 4.18.100</COMPILER>
            <LASTACTTIMESTAMP>2023-05-11 10:10:57</LASTACTTIMESTAMP>
            <LASTACTUSERID>NEILB   </LASTACTUSERID>
        </Record>
    </View>
    <View-Column>
        <Record>
            <ENVIRONID>4</ENVIRONID>
            <VIEWCOLUMNID>402318</VIEWCOLUMNID>
            <VIEWID>10903</VIEWID>
            <COLUMNNUMBER>1</COLUMNNUMBER>
            <FLDFMTCD>ALNUM</FLDFMTCD>
            <SIGNEDIND>0</SIGNEDIND>
            <STARTPOSITION>1</STARTPOSITION>
            <MAXLEN>10</MAXLEN>
            <ORDINALPOSITION>1</ORDINALPOSITION>
            <DECIMALCNT>0</DECIMALCNT>
            <ROUNDING>0</ROUNDING>
            <FLDCONTENTCD></FLDCONTENTCD>
            <JUSTIFYCD></JUSTIFYCD>
            <DEFAULTVAL></DEFAULTVAL>
            <VISIBLE>1</VISIBLE>
            <SUBTOTALTYPECD></SUBTOTALTYPECD>
            <SPACESBEFORECOLUMN>0</SPACESBEFORECOLUMN>
            <EXTRACTAREACD>AREDT</EXTRACTAREACD>
            <EXTRAREAPOSITION>1</EXTRAREAPOSITION>
            <SUBTLABEL></SUBTLABEL>
            <RPTMASK></RPTMASK>
            <HDRJUSTIFYCD></HDRJUSTIFYCD>
            <HDRLINE1>CUSTOMER_ID</HDRLINE1>
            <HDRLINE2></HDRLINE2>
            <HDRLINE3></HDRLINE3>
            <FORMATCALCLOGIC><![CDATA[]]></FORMATCALCLOGIC>
            <CREATEDTIMESTAMP>2023-05-11 10:09:34</CREATEDTIMESTAMP>
            <CREATEDUSERID>NEILB   </CREATEDUSERID>
            <LASTMODTIMESTAMP>2023-05-11 10:09:34</LASTMODTIMESTAMP>
            <LASTMODUSERID>NEILB   </LASTMODUSERID>
        </Record>
        <Record>
            <ENVIRONID>4</ENVIRONID>
            <VIEWCOLUMNID>402319</VIEWCOLUMNID>
            <VIEWID>10903</VIEWID>
            <COLUMNNUMBER>2</COLUMNNUMBER>
            <FLDFMTCD>ALNUM</FLDFMTCD>
            <SIGNEDIND>0</SIGNEDIND>
            <STARTPOSITION>11</STARTPOSITION>
            <MAXLEN>10</MAXLEN>
            <ORDINALPOSITION>2</ORDINALPOSITION>
            <DECIMALCNT>0</DECIMALCNT>
            <ROUNDING>0</ROUNDING>
            <FLDCONTENTCD></FLDCONTENTCD>
            <JUSTIFYCD></JUSTIFYCD>
            <DEFAULTVAL></DEFAULTVAL>
            <VISIBLE>1</VISIBLE>
            <SUBTOTALTYPECD></SUBTOTALTYPECD>
            <SPACESBEFORECOLUMN>0</SPACESBEFORECOLUMN>
            <EXTRACTAREACD>AREDT</EXTRACTAREACD>
            <EXTRAREAPOSITION>11</EXTRAREAPOSITION>
            <SUBTLABEL></SUBTLABEL>
            <RPTMASK></RPTMASK>
            <HDRJUSTIFYCD></HDRJUSTIFYCD>
            <HDRLINE1>LR_CUSTNO</HDRLINE1>
            <HDRLINE2></HDRLINE2>
            <HDRLINE3></HDRLINE3>
            <FORMATCALCLOGIC><![CDATA[]]></FORMATCALCLOGIC>
            <CREATEDTIMESTAMP>2023-05-11 10:09:34</CREATEDTIMESTAMP>
            <CREATEDUSERID>NEILB   </CREATEDUSERID>
            <LASTMODTIMESTAMP>2023-05-11 10:10:57</LASTMODTIMESTAMP>
            <LASTMODUSERID>NEILB   </LASTMODUSERID>
        </Record>
    </View-Column>
    <View-Source>
        <Record>
            <ENVIRONID>4</ENVIRONID>
            <VIEWSOURCEID>16153</VIEWSOURCEID>
            <VIEWID>10903</VIEWID>
            <SRCSEQNBR>1</SRCSEQNBR>
            <INLRLFASSOCID>10</INLRLFASSOCID>
            <EXTRACTFILTLOGIC><![CDATA[]]></EXTRACTFILTLOGIC>
            <OUTLFPFASSOCID>0</OUTLFPFASSOCID>
            <WRITEEXITID>0</WRITEEXITID>
            <WRITEEXITPARM></WRITEEXITPARM>
            <EXTRACTOUTPUTIND>0</EXTRACTOUTPUTIND>
            <EXTRACTOUTPUTLOGIC><![CDATA[WRITE(SOURCE=DATA,DEST=DEFAULT)]]></EXTRACTOUTPUTLOGIC>
            <CREATEDTIMESTAMP>2023-05-11 10:09:34</CREATEDTIMESTAMP>
            <CREATEDUSERID>NEILB   </CREATEDUSERID>
            <LASTMODTIMESTAMP>2023-05-11 10:09:34</LASTMODTIMESTAMP>
            <LASTMODUSERID>NEILB   </LASTMODUSERID>
        </Record>
    </View-Source>
    <View-Column-Source>
        <Record>
            <ENVIRONID>4</ENVIRONID>
            <VIEWCOLUMNSOURCEID>651270</VIEWCOLUMNSOURCEID>
            <VIEWCOLUMNID>402318</VIEWCOLUMNID>
            <VIEWSOURCEID>16153</VIEWSOURCEID>
            <VIEWID>10903</VIEWID>
            <SOURCETYPEID>3</SOURCETYPEID>
            <CONSTVAL></CONSTVAL>
            <LOOKUPID>0</LOOKUPID>
            <LRFIELDID>65</LRFIELDID>
            <EFFDATEVALUE></EFFDATEVALUE>
            <EFFDATETYPE></EFFDATETYPE>
            <EFFDATELRFIELDID>0</EFFDATELRFIELDID>
            <SORTTITLELOOKUPID>0</SORTTITLELOOKUPID>
            <SORTTITLELRFIELDID>0</SORTTITLELRFIELDID>
            <EXTRACTCALCLOGIC><![CDATA[COLUMN = {CUSTOMER_ID}]]></EXTRACTCALCLOGIC>
            <CREATEDTIMESTAMP>2023-05-11 10:09:34</CREATEDTIMESTAMP>
            <CREATEDUSERID>NEILB   </CREATEDUSERID>
            <LASTMODTIMESTAMP>2023-05-11 10:10:57</LASTMODTIMESTAMP>
            <LASTMODUSERID>NEILB   </LASTMODUSERID>
        </Record>
        <Record>
            <ENVIRONID>4</ENVIRONID>
            <VIEWCOLUMNSOURCEID>651271</VIEWCOLUMNSOURCEID>
            <VIEWCOLUMNID>402319</VIEWCOLUMNID>
            <VIEWSOURCEID>16153</VIEWSOURCEID>
            <VIEWID>10903</VIEWID>
            <SOURCETYPEID>2</SOURCETYPEID>
            <CONSTVAL></CONSTVAL>
            <LOOKUPID>3395</LOOKUPID>
            <LRFIELDID>407381</LRFIELDID>
            <EFFDATEVALUE>Runday()</EFFDATEVALUE>
            <EFFDATETYPE>CDATE</EFFDATETYPE>
            <EFFDATELRFIELDID>0</EFFDATELRFIELDID>
            <SORTTITLELOOKUPID>0</SORTTITLELOOKUPID>
            <SORTTITLELRFIELDID>0</SORTTITLELRFIELDID>
            <EXTRACTCALCLOGIC><![CDATA[COLUMN = {GVBJLENV2_LP.LR_CUSTNO}]]></EXTRACTCALCLOGIC>
            <CREATEDTIMESTAMP>2023-05-11 10:09:34</CREATEDTIMESTAMP>
            <CREATEDUSERID>NEILB   </CREATEDUSERID>
            <LASTMODTIMESTAMP>2023-05-11 10:10:57</LASTMODTIMESTAMP>
            <LASTMODUSERID>NEILB   </LASTMODUSERID>
        </Record>
    </View-Column-Source>
    <Lookup>
        <Record>
            <ENVIRONID>4</ENVIRONID>
            <LOOKUPID>3395</LOOKUPID>
            <NAME>GVBJLENV2_LP</NAME>
            <SRCLRID>7</SRCLRID>
            <DESTLRLFASSOCID>6182</DESTLRLFASSOCID>
            <VALIDIND>1</VALIDIND>
            <COMMENTS></COMMENTS>
            <CREATEDTIMESTAMP>2023-05-11 10:05:05</CREATEDTIMESTAMP>
            <CREATEDUSERID>NEILB   </CREATEDUSERID>
            <LASTMODTIMESTAMP>2023-05-11 10:07:02</LASTMODTIMESTAMP>
            <LASTMODUSERID>NEILB   </LASTMODUSERID>
            <LASTACTTIMESTAMP>2023-05-11 10:07:16</LASTACTTIMESTAMP>
            <LASTACTUSERID>NEILB   </LASTACTUSERID>
        </Record>
    </Lookup>
    <Lookup-Source-Key>
        <Record>
            <ENVIRONID>4</ENVIRONID>
            <LOOKUPSTEPID>53689</LOOKUPSTEPID>
            <KEYSEQNBR>1</KEYSEQNBR>
            <FLDTYPE>0</FLDTYPE>
            <LRFIELDID>65</LRFIELDID>
            <LRLFASSOCID>0</LRLFASSOCID>
            <LOOKUPID>3395</LOOKUPID>
            <VALUEFMTCD>ALNUM</VALUEFMTCD>
            <SIGNED>0</SIGNED>
            <VALUELEN>10</VALUELEN>
            <DECIMALCNT>0</DECIMALCNT>
            <FLDCONTENTCD></FLDCONTENTCD>
            <ROUNDING>0</ROUNDING>
            <JUSTIFYCD>LEFT </JUSTIFYCD>
            <MASK></MASK>
            <SYMBOLICNAME></SYMBOLICNAME>
            <VALUE></VALUE>
            <CREATEDTIMESTAMP>2023-05-11 10:07:17</CREATEDTIMESTAMP>
            <CREATEDUSERID>NEILB   </CREATEDUSERID>
            <LASTMODTIMESTAMP>2023-05-11 10:07:17</LASTMODTIMESTAMP>
            <LASTMODUSERID>NEILB   </LASTMODUSERID>
        </Record>
    </Lookup-Source-Key>
    <Lookup-Step>
        <Record>
            <ENVIRONID>4</ENVIRONID>
            <LOOKUPSTEPID>53689</LOOKUPSTEPID>
            <LOOKUPID>3395</LOOKUPID>
            <STEPSEQNBR>1</STEPSEQNBR>
            <SRCLRID>7</SRCLRID>
            <LRLFASSOCID>6182</LRLFASSOCID>
            <CREATEDTIMESTAMP>2023-05-11 10:05:06</CREATEDTIMESTAMP>
            <CREATEDUSERID>NEILB   </CREATEDUSERID>
            <LASTMODTIMESTAMP>2023-05-11 10:07:16</LASTMODTIMESTAMP>
            <LASTMODUSERID>NEILB   </LASTMODUSERID>
        </Record>
    </Lookup-Step>
    <LogicalRecord>
        <Record>
            <ENVIRONID>4</ENVIRONID>
            <LOGRECID>7</LOGRECID>
            <NAME>CUSTOMER</NAME>
            <LRTYPECD>FILE </LRTYPECD>
            <LRSTATUSCD>ACTVE</LRSTATUSCD>
            <LOOKUPEXITID>0</LOOKUPEXITID>
            <LOOKUPEXITSTARTUP></LOOKUPEXITSTARTUP>
            <COMMENTS></COMMENTS>
            <CREATEDTIMESTAMP>2011-02-14 12:23:33</CREATEDTIMESTAMP>
            <CREATEDUSERID>ADMIN   </CREATEDUSERID>
            <LASTMODTIMESTAMP>2019-04-09 16:51:12</LASTMODTIMESTAMP>
            <LASTMODUSERID>GKOPPIK </LASTMODUSERID>
            <LASTACTTIMESTAMP></LASTACTTIMESTAMP>
            <LASTACTUSERID></LASTACTUSERID>
        </Record>
        <Record>
            <ENVIRONID>4</ENVIRONID>
            <LOGRECID>10303</LOGRECID>
            <NAME>TRN_JAVA_GVBXLENV2_LR</NAME>
            <LRTYPECD>FILE </LRTYPECD>
            <LRSTATUSCD>ACTVE</LRSTATUSCD>
            <LOOKUPEXITID>505</LOOKUPEXITID>
            <LOOKUPEXITSTARTUP>JAVA</LOOKUPEXITSTARTUP>
            <COMMENTS></COMMENTS>
            <CREATEDTIMESTAMP>2023-05-11 10:01:12</CREATEDTIMESTAMP>
            <CREATEDUSERID>NEILB   </CREATEDUSERID>
            <LASTMODTIMESTAMP>2023-07-10 16:51:36</LASTMODTIMESTAMP>
            <LASTMODUSERID>NEILB   </LASTMODUSERID>
            <LASTACTTIMESTAMP>2023-05-11 10:04:27</LASTACTTIMESTAMP>
            <LASTACTUSERID>NEILB   </LASTACTUSERID>
        </Record>
    </LogicalRecord>
    <LRField>
        <Record>
            <ENVIRONID>4</ENVIRONID>
            <LRFIELDID>65</LRFIELDID>
            <LOGRECID>7</LOGRECID>
            <NAME>CUSTOMER_ID</NAME>
            <DBMSCOLNAME>CUSTOMER_NUMBER</DBMSCOLNAME>
            <FIXEDSTARTPOS>1</FIXEDSTARTPOS>
            <ORDINALPOS>1</ORDINALPOS>
            <ORDINALOFFSET>0</ORDINALOFFSET>
            <REDEFINE>0</REDEFINE>
            <COMMENTS></COMMENTS>
            <CREATEDTIMESTAMP>2011-02-14 12:23:34</CREATEDTIMESTAMP>
            <CREATEDUSERID>ADMIN   </CREATEDUSERID>
            <LASTMODTIMESTAMP>2011-02-14 17:47:27</LASTMODTIMESTAMP>
            <LASTMODUSERID>ADMIN   </LASTMODUSERID>
        </Record>
        <Record>
            <ENVIRONID>4</ENVIRONID>
            <LRFIELDID>66</LRFIELDID>
            <LOGRECID>7</LOGRECID>
            <NAME>GENDER_CD</NAME>
            <DBMSCOLNAME>CUSTOMER_NAME</DBMSCOLNAME>
            <FIXEDSTARTPOS>11</FIXEDSTARTPOS>
            <ORDINALPOS>2</ORDINALPOS>
            <ORDINALOFFSET>0</ORDINALOFFSET>
            <REDEFINE>0</REDEFINE>
            <COMMENTS></COMMENTS>
            <CREATEDTIMESTAMP>2011-02-14 12:23:34</CREATEDTIMESTAMP>
            <CREATEDUSERID>ADMIN   </CREATEDUSERID>
            <LASTMODTIMESTAMP>2011-02-14 17:47:27</LASTMODTIMESTAMP>
            <LASTMODUSERID>ADMIN   </LASTMODUSERID>
        </Record>
        <Record>
            <ENVIRONID>4</ENVIRONID>
            <LRFIELDID>67</LRFIELDID>
            <LOGRECID>7</LOGRECID>
            <NAME>CUSTOMER_DOB_CCYYMMDD</NAME>
            <DBMSCOLNAME>CUSTOMER_NAME_LAST</DBMSCOLNAME>
            <FIXEDSTARTPOS>12</FIXEDSTARTPOS>
            <ORDINALPOS>3</ORDINALPOS>
            <ORDINALOFFSET>0</ORDINALOFFSET>
            <REDEFINE>0</REDEFINE>
            <COMMENTS></COMMENTS>
            <CREATEDTIMESTAMP>2011-02-14 12:23:34</CREATEDTIMESTAMP>
            <CREATEDUSERID>ADMIN   </CREATEDUSERID>
            <LASTMODTIMESTAMP>2011-02-14 17:47:27</LASTMODTIMESTAMP>
            <LASTMODUSERID>ADMIN   </LASTMODUSERID>
        </Record>
        <Record>
            <ENVIRONID>4</ENVIRONID>
            <LRFIELDID>99</LRFIELDID>
            <LOGRECID>7</LOGRECID>
            <NAME>CUSTOMER_DOB_CCYYMM</NAME>
            <DBMSCOLNAME>CUSTOMER_DOB_CCYYMM</DBMSCOLNAME>
            <FIXEDSTARTPOS>12</FIXEDSTARTPOS>
            <ORDINALPOS>4</ORDINALPOS>
            <ORDINALOFFSET>0</ORDINALOFFSET>
            <REDEFINE>67</REDEFINE>
            <COMMENTS></COMMENTS>
            <CREATEDTIMESTAMP>2011-02-14 18:37:30</CREATEDTIMESTAMP>
            <CREATEDUSERID>ADMIN   </CREATEDUSERID>
            <LASTMODTIMESTAMP>2011-02-14 18:37:50</LASTMODTIMESTAMP>
            <LASTMODUSERID>ADMIN   </LASTMODUSERID>
        </Record>
        <Record>
            <ENVIRONID>4</ENVIRONID>
            <LRFIELDID>68</LRFIELDID>
            <LOGRECID>7</LOGRECID>
            <NAME>DATE_BECAME_CUSTOMER</NAME>
            <DBMSCOLNAME>CUSTOMER_NAME_FIRST</DBMSCOLNAME>
            <FIXEDSTARTPOS>20</FIXEDSTARTPOS>
            <ORDINALPOS>5</ORDINALPOS>
            <ORDINALOFFSET>0</ORDINALOFFSET>
            <REDEFINE>0</REDEFINE>
            <COMMENTS></COMMENTS>
            <CREATEDTIMESTAMP>2011-02-14 12:23:34</CREATEDTIMESTAMP>
            <CREATEDUSERID>ADMIN   </CREATEDUSERID>
            <LASTMODTIMESTAMP>2011-02-14 17:47:27</LASTMODTIMESTAMP>
            <LASTMODUSERID>ADMIN   </LASTMODUSERID>
        </Record>
        <Record>
            <ENVIRONID>4</ENVIRONID>
            <LRFIELDID>69</LRFIELDID>
            <LOGRECID>7</LOGRECID>
            <NAME>CUSTOMER_PHONE_NUM_1</NAME>
            <DBMSCOLNAME>CUSTOMER_NAME_MI</DBMSCOLNAME>
            <FIXEDSTARTPOS>28</FIXEDSTARTPOS>
            <ORDINALPOS>6</ORDINALPOS>
            <ORDINALOFFSET>0</ORDINALOFFSET>
            <REDEFINE>0</REDEFINE>
            <COMMENTS></COMMENTS>
            <CREATEDTIMESTAMP>2011-02-14 12:23:35</CREATEDTIMESTAMP>
            <CREATEDUSERID>ADMIN   </CREATEDUSERID>
            <LASTMODTIMESTAMP>2011-02-14 17:47:27</LASTMODTIMESTAMP>
            <LASTMODUSERID>ADMIN   </LASTMODUSERID>
        </Record>
        <Record>
            <ENVIRONID>4</ENVIRONID>
            <LRFIELDID>71</LRFIELDID>
            <LOGRECID>7</LOGRECID>
            <NAME>PREFERRED_CONTACT_CD</NAME>
            <DBMSCOLNAME>CUSTOMER_PHONE</DBMSCOLNAME>
            <FIXEDSTARTPOS>38</FIXEDSTARTPOS>
            <ORDINALPOS>7</ORDINALPOS>
            <ORDINALOFFSET>0</ORDINALOFFSET>
            <REDEFINE>0</REDEFINE>
            <COMMENTS></COMMENTS>
            <CREATEDTIMESTAMP>2011-02-14 12:23:35</CREATEDTIMESTAMP>
            <CREATEDUSERID>ADMIN   </CREATEDUSERID>
            <LASTMODTIMESTAMP>2011-02-16 07:33:53</LASTMODTIMESTAMP>
            <LASTMODUSERID>ADMIN   </LASTMODUSERID>
        </Record>
        <Record>
            <ENVIRONID>4</ENVIRONID>
            <LRFIELDID>70</LRFIELDID>
            <LOGRECID>7</LOGRECID>
            <NAME>CUSTOMER_EMAIL_ADDR</NAME>
            <DBMSCOLNAME>CUSTOMER_ADDRESS</DBMSCOLNAME>
            <FIXEDSTARTPOS>39</FIXEDSTARTPOS>
            <ORDINALPOS>8</ORDINALPOS>
            <ORDINALOFFSET>0</ORDINALOFFSET>
            <REDEFINE>0</REDEFINE>
            <COMMENTS></COMMENTS>
            <CREATEDTIMESTAMP>2011-02-14 12:23:35</CREATEDTIMESTAMP>
            <CREATEDUSERID>ADMIN   </CREATEDUSERID>
            <LASTMODTIMESTAMP>2011-02-16 07:33:53</LASTMODTIMESTAMP>
            <LASTMODUSERID>ADMIN   </LASTMODUSERID>
        </Record>
        <Record>
            <ENVIRONID>4</ENVIRONID>
            <LRFIELDID>407379</LRFIELDID>
            <LOGRECID>10303</LOGRECID>
            <NAME>LR_FIELDA</NAME>
            <DBMSCOLNAME></DBMSCOLNAME>
            <FIXEDSTARTPOS>1</FIXEDSTARTPOS>
            <ORDINALPOS>1</ORDINALPOS>
            <ORDINALOFFSET></ORDINALOFFSET>
            <REDEFINE>0</REDEFINE>
            <COMMENTS></COMMENTS>
            <CREATEDTIMESTAMP>2023-05-11 10:01:12</CREATEDTIMESTAMP>
            <CREATEDUSERID>NEILB   </CREATEDUSERID>
            <LASTMODTIMESTAMP>2023-05-11 10:04:28</LASTMODTIMESTAMP>
            <LASTMODUSERID>NEILB   </LASTMODUSERID>
        </Record>
        <Record>
            <ENVIRONID>4</ENVIRONID>
            <LRFIELDID>407381</LRFIELDID>
            <LOGRECID>10303</LOGRECID>
            <NAME>LR_CUSTNO</NAME>
            <DBMSCOLNAME></DBMSCOLNAME>
            <FIXEDSTARTPOS>1</FIXEDSTARTPOS>
            <ORDINALPOS>2</ORDINALPOS>
            <ORDINALOFFSET></ORDINALOFFSET>
            <REDEFINE>407379</REDEFINE>
            <COMMENTS></COMMENTS>
            <CREATEDTIMESTAMP>2023-05-11 10:04:27</CREATEDTIMESTAMP>
            <CREATEDUSERID>NEILB   </CREATEDUSERID>
            <LASTMODTIMESTAMP>2023-05-11 10:04:27</LASTMODTIMESTAMP>
            <LASTMODUSERID>NEILB   </LASTMODUSERID>
        </Record>
    </LRField>
    <LR-Field-Attribute>
        <Record>
            <ENVIRONID>4</ENVIRONID>
            <LRFIELDID>65</LRFIELDID>
            <FLDFMTCD>ALNUM</FLDFMTCD>
            <SIGNEDIND>0</SIGNEDIND>
            <MAXLEN>10</MAXLEN>
            <DECIMALCNT>0</DECIMALCNT>
            <ROUNDING>0</ROUNDING>
            <FLDCONTENTCD></FLDCONTENTCD>
            <JUSTIFYCD></JUSTIFYCD>
            <HDRJUSTIFYCD></HDRJUSTIFYCD>
            <HDRLINE1></HDRLINE1>
            <HDRLINE2></HDRLINE2>
            <HDRLINE3></HDRLINE3>
            <SUBTLABEL></SUBTLABEL>
            <SORTKEYLABEL></SORTKEYLABEL>
            <INPUTMASK></INPUTMASK>
            <CREATEDTIMESTAMP>2011-02-14 12:23:34</CREATEDTIMESTAMP>
            <CREATEDUSERID>ADMIN   </CREATEDUSERID>
            <LASTMODTIMESTAMP>2011-02-14 17:47:27</LASTMODTIMESTAMP>
            <LASTMODUSERID>ADMIN   </LASTMODUSERID>
        </Record>
        <Record>
            <ENVIRONID>4</ENVIRONID>
            <LRFIELDID>66</LRFIELDID>
            <FLDFMTCD>ALNUM</FLDFMTCD>
            <SIGNEDIND>0</SIGNEDIND>
            <MAXLEN>1</MAXLEN>
            <DECIMALCNT>0</DECIMALCNT>
            <ROUNDING>0</ROUNDING>
            <FLDCONTENTCD></FLDCONTENTCD>
            <JUSTIFYCD></JUSTIFYCD>
            <HDRJUSTIFYCD></HDRJUSTIFYCD>
            <HDRLINE1></HDRLINE1>
            <HDRLINE2></HDRLINE2>
            <HDRLINE3></HDRLINE3>
            <SUBTLABEL></SUBTLABEL>
            <SORTKEYLABEL></SORTKEYLABEL>
            <INPUTMASK></INPUTMASK>
            <CREATEDTIMESTAMP>2011-02-14 12:23:34</CREATEDTIMESTAMP>
            <CREATEDUSERID>ADMIN   </CREATEDUSERID>
            <LASTMODTIMESTAMP>2011-02-14 17:47:27</LASTMODTIMESTAMP>
            <LASTMODUSERID>ADMIN   </LASTMODUSERID>
        </Record>
        <Record>
            <ENVIRONID>4</ENVIRONID>
            <LRFIELDID>67</LRFIELDID>
            <FLDFMTCD>ALNUM</FLDFMTCD>
            <SIGNEDIND>0</SIGNEDIND>
            <MAXLEN>8</MAXLEN>
            <DECIMALCNT>0</DECIMALCNT>
            <ROUNDING>0</ROUNDING>
            <FLDCONTENTCD>CYMD </FLDCONTENTCD>
            <JUSTIFYCD></JUSTIFYCD>
            <HDRJUSTIFYCD></HDRJUSTIFYCD>
            <HDRLINE1></HDRLINE1>
            <HDRLINE2></HDRLINE2>
            <HDRLINE3></HDRLINE3>
            <SUBTLABEL></SUBTLABEL>
            <SORTKEYLABEL></SORTKEYLABEL>
            <INPUTMASK></INPUTMASK>
            <CREATEDTIMESTAMP>2011-02-14 12:23:34</CREATEDTIMESTAMP>
            <CREATEDUSERID>ADMIN   </CREATEDUSERID>
            <LASTMODTIMESTAMP>2011-02-14 17:47:27</LASTMODTIMESTAMP>
            <LASTMODUSERID>ADMIN   </LASTMODUSERID>
        </Record>
        <Record>
            <ENVIRONID>4</ENVIRONID>
            <LRFIELDID>99</LRFIELDID>
            <FLDFMTCD>ALNUM</FLDFMTCD>
            <SIGNEDIND>0</SIGNEDIND>
            <MAXLEN>6</MAXLEN>
            <DECIMALCNT>0</DECIMALCNT>
            <ROUNDING>0</ROUNDING>
            <FLDCONTENTCD>CYM  </FLDCONTENTCD>
            <JUSTIFYCD></JUSTIFYCD>
            <HDRJUSTIFYCD></HDRJUSTIFYCD>
            <HDRLINE1></HDRLINE1>
            <HDRLINE2></HDRLINE2>
            <HDRLINE3></HDRLINE3>
            <SUBTLABEL></SUBTLABEL>
            <SORTKEYLABEL></SORTKEYLABEL>
            <INPUTMASK></INPUTMASK>
            <CREATEDTIMESTAMP>2011-02-14 18:37:30</CREATEDTIMESTAMP>
            <CREATEDUSERID>ADMIN   </CREATEDUSERID>
            <LASTMODTIMESTAMP>2011-02-14 18:37:50</LASTMODTIMESTAMP>
            <LASTMODUSERID>ADMIN   </LASTMODUSERID>
        </Record>
        <Record>
            <ENVIRONID>4</ENVIRONID>
            <LRFIELDID>68</LRFIELDID>
            <FLDFMTCD>ALNUM</FLDFMTCD>
            <SIGNEDIND>0</SIGNEDIND>
            <MAXLEN>8</MAXLEN>
            <DECIMALCNT>0</DECIMALCNT>
            <ROUNDING>0</ROUNDING>
            <FLDCONTENTCD>CYMD </FLDCONTENTCD>
            <JUSTIFYCD></JUSTIFYCD>
            <HDRJUSTIFYCD></HDRJUSTIFYCD>
            <HDRLINE1></HDRLINE1>
            <HDRLINE2></HDRLINE2>
            <HDRLINE3></HDRLINE3>
            <SUBTLABEL></SUBTLABEL>
            <SORTKEYLABEL></SORTKEYLABEL>
            <INPUTMASK></INPUTMASK>
            <CREATEDTIMESTAMP>2011-02-14 12:23:35</CREATEDTIMESTAMP>
            <CREATEDUSERID>ADMIN   </CREATEDUSERID>
            <LASTMODTIMESTAMP>2011-02-14 17:47:27</LASTMODTIMESTAMP>
            <LASTMODUSERID>ADMIN   </LASTMODUSERID>
        </Record>
        <Record>
            <ENVIRONID>4</ENVIRONID>
            <LRFIELDID>69</LRFIELDID>
            <FLDFMTCD>ALNUM</FLDFMTCD>
            <SIGNEDIND>0</SIGNEDIND>
            <MAXLEN>10</MAXLEN>
            <DECIMALCNT>0</DECIMALCNT>
            <ROUNDING>0</ROUNDING>
            <FLDCONTENTCD></FLDCONTENTCD>
            <JUSTIFYCD></JUSTIFYCD>
            <HDRJUSTIFYCD></HDRJUSTIFYCD>
            <HDRLINE1></HDRLINE1>
            <HDRLINE2></HDRLINE2>
            <HDRLINE3></HDRLINE3>
            <SUBTLABEL></SUBTLABEL>
            <SORTKEYLABEL></SORTKEYLABEL>
            <INPUTMASK></INPUTMASK>
            <CREATEDTIMESTAMP>2011-02-14 12:23:35</CREATEDTIMESTAMP>
            <CREATEDUSERID>ADMIN   </CREATEDUSERID>
            <LASTMODTIMESTAMP>2011-02-14 17:47:27</LASTMODTIMESTAMP>
            <LASTMODUSERID>ADMIN   </LASTMODUSERID>
        </Record>
        <Record>
            <ENVIRONID>4</ENVIRONID>
            <LRFIELDID>71</LRFIELDID>
            <FLDFMTCD>ALNUM</FLDFMTCD>
            <SIGNEDIND>0</SIGNEDIND>
            <MAXLEN>1</MAXLEN>
            <DECIMALCNT>0</DECIMALCNT>
            <ROUNDING>0</ROUNDING>
            <FLDCONTENTCD></FLDCONTENTCD>
            <JUSTIFYCD></JUSTIFYCD>
            <HDRJUSTIFYCD></HDRJUSTIFYCD>
            <HDRLINE1></HDRLINE1>
            <HDRLINE2></HDRLINE2>
            <HDRLINE3></HDRLINE3>
            <SUBTLABEL></SUBTLABEL>
            <SORTKEYLABEL></SORTKEYLABEL>
            <INPUTMASK></INPUTMASK>
            <CREATEDTIMESTAMP>2011-02-14 12:23:36</CREATEDTIMESTAMP>
            <CREATEDUSERID>ADMIN   </CREATEDUSERID>
            <LASTMODTIMESTAMP>2011-02-16 07:33:53</LASTMODTIMESTAMP>
            <LASTMODUSERID>ADMIN   </LASTMODUSERID>
        </Record>
        <Record>
            <ENVIRONID>4</ENVIRONID>
            <LRFIELDID>70</LRFIELDID>
            <FLDFMTCD>ALNUM</FLDFMTCD>
            <SIGNEDIND>0</SIGNEDIND>
            <MAXLEN>40</MAXLEN>
            <DECIMALCNT>0</DECIMALCNT>
            <ROUNDING>0</ROUNDING>
            <FLDCONTENTCD></FLDCONTENTCD>
            <JUSTIFYCD></JUSTIFYCD>
            <HDRJUSTIFYCD></HDRJUSTIFYCD>
            <HDRLINE1></HDRLINE1>
            <HDRLINE2></HDRLINE2>
            <HDRLINE3></HDRLINE3>
            <SUBTLABEL></SUBTLABEL>
            <SORTKEYLABEL></SORTKEYLABEL>
            <INPUTMASK></INPUTMASK>
            <CREATEDTIMESTAMP>2011-02-14 12:23:35</CREATEDTIMESTAMP>
            <CREATEDUSERID>ADMIN   </CREATEDUSERID>
            <LASTMODTIMESTAMP>2011-02-16 07:33:53</LASTMODTIMESTAMP>
            <LASTMODUSERID>ADMIN   </LASTMODUSERID>
        </Record>
        <Record>
            <ENVIRONID>4</ENVIRONID>
            <LRFIELDID>407379</LRFIELDID>
            <FLDFMTCD>ALNUM</FLDFMTCD>
            <SIGNEDIND>0</SIGNEDIND>
            <MAXLEN>16</MAXLEN>
            <DECIMALCNT>0</DECIMALCNT>
            <ROUNDING>0</ROUNDING>
            <FLDCONTENTCD></FLDCONTENTCD>
            <JUSTIFYCD></JUSTIFYCD>
            <HDRJUSTIFYCD></HDRJUSTIFYCD>
            <HDRLINE1></HDRLINE1>
            <HDRLINE2></HDRLINE2>
            <HDRLINE3></HDRLINE3>
            <SUBTLABEL></SUBTLABEL>
            <SORTKEYLABEL></SORTKEYLABEL>
            <INPUTMASK></INPUTMASK>
            <CREATEDTIMESTAMP>2023-05-11 10:01:13</CREATEDTIMESTAMP>
            <CREATEDUSERID>NEILB   </CREATEDUSERID>
            <LASTMODTIMESTAMP>2023-05-11 10:04:28</LASTMODTIMESTAMP>
            <LASTMODUSERID>NEILB   </LASTMODUSERID>
        </Record>
        <Record>
            <ENVIRONID>4</ENVIRONID>
            <LRFIELDID>407381</LRFIELDID>
            <FLDFMTCD>ALNUM</FLDFMTCD>
            <SIGNEDIND>0</SIGNEDIND>
            <MAXLEN>10</MAXLEN>
            <DECIMALCNT>0</DECIMALCNT>
            <ROUNDING>0</ROUNDING>
            <FLDCONTENTCD></FLDCONTENTCD>
            <JUSTIFYCD></JUSTIFYCD>
            <HDRJUSTIFYCD></HDRJUSTIFYCD>
            <HDRLINE1></HDRLINE1>
            <HDRLINE2></HDRLINE2>
            <HDRLINE3></HDRLINE3>
            <SUBTLABEL></SUBTLABEL>
            <SORTKEYLABEL></SORTKEYLABEL>
            <INPUTMASK></INPUTMASK>
            <CREATEDTIMESTAMP>2023-05-11 10:04:27</CREATEDTIMESTAMP>
            <CREATEDUSERID>NEILB   </CREATEDUSERID>
            <LASTMODTIMESTAMP>2023-05-11 10:04:27</LASTMODTIMESTAMP>
            <LASTMODUSERID>NEILB   </LASTMODUSERID>
        </Record>
    </LR-Field-Attribute>
    <LR-Index>
        <Record>
            <ENVIRONID>4</ENVIRONID>
            <LRINDEXID>3</LRINDEXID>
            <LOGRECID>7</LOGRECID>
            <EFFDATESTARTFLDID>0</EFFDATESTARTFLDID>
            <EFFDATEENDFLDID>0</EFFDATEENDFLDID>
            <CREATEDTIMESTAMP>2011-02-14 12:23:37</CREATEDTIMESTAMP>
            <CREATEDUSERID>ADMIN   </CREATEDUSERID>
            <LASTMODTIMESTAMP>2011-02-14 12:23:37</LASTMODTIMESTAMP>
            <LASTMODUSERID>ADMIN   </LASTMODUSERID>
        </Record>
        <Record>
            <ENVIRONID>4</ENVIRONID>
            <LRINDEXID>4</LRINDEXID>
            <LOGRECID>7</LOGRECID>
            <EFFDATESTARTFLDID>0</EFFDATESTARTFLDID>
            <EFFDATEENDFLDID>0</EFFDATEENDFLDID>
            <CREATEDTIMESTAMP>2011-02-14 12:23:51</CREATEDTIMESTAMP>
            <CREATEDUSERID>ADMIN   </CREATEDUSERID>
            <LASTMODTIMESTAMP>2011-02-14 12:23:51</LASTMODTIMESTAMP>
            <LASTMODUSERID>ADMIN   </LASTMODUSERID>
        </Record>
        <Record>
            <ENVIRONID>4</ENVIRONID>
            <LRINDEXID>5</LRINDEXID>
            <LOGRECID>7</LOGRECID>
            <EFFDATESTARTFLDID>0</EFFDATESTARTFLDID>
            <EFFDATEENDFLDID>0</EFFDATEENDFLDID>
            <CREATEDTIMESTAMP>2011-02-14 12:24:16</CREATEDTIMESTAMP>
            <CREATEDUSERID>ADMIN   </CREATEDUSERID>
            <LASTMODTIMESTAMP>2011-02-14 12:24:16</LASTMODTIMESTAMP>
            <LASTMODUSERID>ADMIN   </LASTMODUSERID>
        </Record>
        <Record>
            <ENVIRONID>4</ENVIRONID>
            <LRINDEXID>9</LRINDEXID>
            <LOGRECID>7</LOGRECID>
            <EFFDATESTARTFLDID>0</EFFDATESTARTFLDID>
            <EFFDATEENDFLDID>0</EFFDATEENDFLDID>
            <CREATEDTIMESTAMP>2011-02-14 17:47:29</CREATEDTIMESTAMP>
            <CREATEDUSERID>ADMIN   </CREATEDUSERID>
            <LASTMODTIMESTAMP>2011-02-14 17:47:29</LASTMODTIMESTAMP>
            <LASTMODUSERID>ADMIN   </LASTMODUSERID>
        </Record>
        <Record>
            <ENVIRONID>4</ENVIRONID>
            <LRINDEXID>8</LRINDEXID>
            <LOGRECID>7</LOGRECID>
            <EFFDATESTARTFLDID>0</EFFDATESTARTFLDID>
            <EFFDATEENDFLDID>0</EFFDATEENDFLDID>
            <CREATEDTIMESTAMP>2011-02-14 17:31:28</CREATEDTIMESTAMP>
            <CREATEDUSERID>ADMIN   </CREATEDUSERID>
            <LASTMODTIMESTAMP>2011-02-14 17:31:28</LASTMODTIMESTAMP>
            <LASTMODUSERID>ADMIN   </LASTMODUSERID>
        </Record>
        <Record>
            <ENVIRONID>4</ENVIRONID>
            <LRINDEXID>12</LRINDEXID>
            <LOGRECID>7</LOGRECID>
            <EFFDATESTARTFLDID>0</EFFDATESTARTFLDID>
            <EFFDATEENDFLDID>0</EFFDATEENDFLDID>
            <CREATEDTIMESTAMP>2011-02-14 18:37:30</CREATEDTIMESTAMP>
            <CREATEDUSERID>ADMIN   </CREATEDUSERID>
            <LASTMODTIMESTAMP>2011-02-14 18:37:30</LASTMODTIMESTAMP>
            <LASTMODUSERID>ADMIN   </LASTMODUSERID>
        </Record>
        <Record>
            <ENVIRONID>4</ENVIRONID>
            <LRINDEXID>13</LRINDEXID>
            <LOGRECID>7</LOGRECID>
            <EFFDATESTARTFLDID>0</EFFDATESTARTFLDID>
            <EFFDATEENDFLDID>0</EFFDATEENDFLDID>
            <CREATEDTIMESTAMP>2011-02-14 18:37:50</CREATEDTIMESTAMP>
            <CREATEDUSERID>ADMIN   </CREATEDUSERID>
            <LASTMODTIMESTAMP>2011-02-14 18:37:50</LASTMODTIMESTAMP>
            <LASTMODUSERID>ADMIN   </LASTMODUSERID>
        </Record>
        <Record>
            <ENVIRONID>4</ENVIRONID>
            <LRINDEXID>14</LRINDEXID>
            <LOGRECID>7</LOGRECID>
            <EFFDATESTARTFLDID>0</EFFDATESTARTFLDID>
            <EFFDATEENDFLDID>0</EFFDATEENDFLDID>
            <CREATEDTIMESTAMP>2011-02-14 18:38:07</CREATEDTIMESTAMP>
            <CREATEDUSERID>ADMIN   </CREATEDUSERID>
            <LASTMODTIMESTAMP>2011-02-14 18:38:07</LASTMODTIMESTAMP>
            <LASTMODUSERID>ADMIN   </LASTMODUSERID>
        </Record>
        <Record>
            <ENVIRONID>4</ENVIRONID>
            <LRINDEXID>15</LRINDEXID>
            <LOGRECID>7</LOGRECID>
            <EFFDATESTARTFLDID>0</EFFDATESTARTFLDID>
            <EFFDATEENDFLDID>0</EFFDATEENDFLDID>
            <CREATEDTIMESTAMP>2011-02-16 07:33:54</CREATEDTIMESTAMP>
            <CREATEDUSERID>ADMIN   </CREATEDUSERID>
            <LASTMODTIMESTAMP>2019-04-09 16:51:12</LASTMODTIMESTAMP>
            <LASTMODUSERID>GKOPPIK </LASTMODUSERID>
        </Record>
        <Record>
            <ENVIRONID>4</ENVIRONID>
            <LRINDEXID>6388</LRINDEXID>
            <LOGRECID>10303</LOGRECID>
            <EFFDATESTARTFLDID>0</EFFDATESTARTFLDID>
            <EFFDATEENDFLDID>0</EFFDATEENDFLDID>
            <CREATEDTIMESTAMP>2023-05-11 10:01:13</CREATEDTIMESTAMP>
            <CREATEDUSERID>NEILB   </CREATEDUSERID>
            <LASTMODTIMESTAMP>2023-07-10 16:51:37</LASTMODTIMESTAMP>
            <LASTMODUSERID>NEILB   </LASTMODUSERID>
        </Record>
    </LR-Index>
    <LR-IndexField>
        <Record>
            <ENVIRONID>4</ENVIRONID>
            <LRINDEXFLDID>8</LRINDEXFLDID>
            <LRINDEXID>3</LRINDEXID>
            <FLDSEQNBR>1</FLDSEQNBR>
            <LRFIELDID>65</LRFIELDID>
            <CREATEDTIMESTAMP>2011-02-14 12:23:37</CREATEDTIMESTAMP>
            <CREATEDUSERID>ADMIN   </CREATEDUSERID>
            <LASTMODTIMESTAMP>2011-02-14 12:23:37</LASTMODTIMESTAMP>
            <LASTMODUSERID>ADMIN   </LASTMODUSERID>
        </Record>
        <Record>
            <ENVIRONID>4</ENVIRONID>
            <LRINDEXFLDID>9</LRINDEXFLDID>
            <LRINDEXID>4</LRINDEXID>
            <FLDSEQNBR>1</FLDSEQNBR>
            <LRFIELDID>65</LRFIELDID>
            <CREATEDTIMESTAMP>2011-02-14 12:23:51</CREATEDTIMESTAMP>
            <CREATEDUSERID>ADMIN   </CREATEDUSERID>
            <LASTMODTIMESTAMP>2011-02-14 12:23:51</LASTMODTIMESTAMP>
            <LASTMODUSERID>ADMIN   </LASTMODUSERID>
        </Record>
        <Record>
            <ENVIRONID>4</ENVIRONID>
            <LRINDEXFLDID>10</LRINDEXFLDID>
            <LRINDEXID>5</LRINDEXID>
            <FLDSEQNBR>1</FLDSEQNBR>
            <LRFIELDID>65</LRFIELDID>
            <CREATEDTIMESTAMP>2011-02-14 12:24:16</CREATEDTIMESTAMP>
            <CREATEDUSERID>ADMIN   </CREATEDUSERID>
            <LASTMODTIMESTAMP>2011-02-14 12:24:16</LASTMODTIMESTAMP>
            <LASTMODUSERID>ADMIN   </LASTMODUSERID>
        </Record>
        <Record>
            <ENVIRONID>4</ENVIRONID>
            <LRINDEXFLDID>13</LRINDEXFLDID>
            <LRINDEXID>8</LRINDEXID>
            <FLDSEQNBR>1</FLDSEQNBR>
            <LRFIELDID>65</LRFIELDID>
            <CREATEDTIMESTAMP>2011-02-14 17:31:29</CREATEDTIMESTAMP>
            <CREATEDUSERID>ADMIN   </CREATEDUSERID>
            <LASTMODTIMESTAMP>2011-02-14 17:31:29</LASTMODTIMESTAMP>
            <LASTMODUSERID>ADMIN   </LASTMODUSERID>
        </Record>
        <Record>
            <ENVIRONID>4</ENVIRONID>
            <LRINDEXFLDID>14</LRINDEXFLDID>
            <LRINDEXID>9</LRINDEXID>
            <FLDSEQNBR>1</FLDSEQNBR>
            <LRFIELDID>65</LRFIELDID>
            <CREATEDTIMESTAMP>2011-02-14 17:47:29</CREATEDTIMESTAMP>
            <CREATEDUSERID>ADMIN   </CREATEDUSERID>
            <LASTMODTIMESTAMP>2011-02-14 17:47:29</LASTMODTIMESTAMP>
            <LASTMODUSERID>ADMIN   </LASTMODUSERID>
        </Record>
        <Record>
            <ENVIRONID>4</ENVIRONID>
            <LRINDEXFLDID>17</LRINDEXFLDID>
            <LRINDEXID>12</LRINDEXID>
            <FLDSEQNBR>1</FLDSEQNBR>
            <LRFIELDID>65</LRFIELDID>
            <CREATEDTIMESTAMP>2011-02-14 18:37:31</CREATEDTIMESTAMP>
            <CREATEDUSERID>ADMIN   </CREATEDUSERID>
            <LASTMODTIMESTAMP>2011-02-14 18:37:31</LASTMODTIMESTAMP>
            <LASTMODUSERID>ADMIN   </LASTMODUSERID>
        </Record>
        <Record>
            <ENVIRONID>4</ENVIRONID>
            <LRINDEXFLDID>18</LRINDEXFLDID>
            <LRINDEXID>13</LRINDEXID>
            <FLDSEQNBR>1</FLDSEQNBR>
            <LRFIELDID>65</LRFIELDID>
            <CREATEDTIMESTAMP>2011-02-14 18:37:51</CREATEDTIMESTAMP>
            <CREATEDUSERID>ADMIN   </CREATEDUSERID>
            <LASTMODTIMESTAMP>2011-02-14 18:37:51</LASTMODTIMESTAMP>
            <LASTMODUSERID>ADMIN   </LASTMODUSERID>
        </Record>
        <Record>
            <ENVIRONID>4</ENVIRONID>
            <LRINDEXFLDID>19</LRINDEXFLDID>
            <LRINDEXID>14</LRINDEXID>
            <FLDSEQNBR>1</FLDSEQNBR>
            <LRFIELDID>65</LRFIELDID>
            <CREATEDTIMESTAMP>2011-02-14 18:38:08</CREATEDTIMESTAMP>
            <CREATEDUSERID>ADMIN   </CREATEDUSERID>
            <LASTMODTIMESTAMP>2011-02-14 18:38:08</LASTMODTIMESTAMP>
            <LASTMODUSERID>ADMIN   </LASTMODUSERID>
        </Record>
        <Record>
            <ENVIRONID>4</ENVIRONID>
            <LRINDEXFLDID>25935</LRINDEXFLDID>
            <LRINDEXID>15</LRINDEXID>
            <FLDSEQNBR>1</FLDSEQNBR>
            <LRFIELDID>65</LRFIELDID>
            <CREATEDTIMESTAMP>2019-04-09 16:51:12</CREATEDTIMESTAMP>
            <CREATEDUSERID>GKOPPIK </CREATEDUSERID>
            <LASTMODTIMESTAMP>2019-04-09 16:51:12</LASTMODTIMESTAMP>
            <LASTMODUSERID>GKOPPIK </LASTMODUSERID>
        </Record>
        <Record>
            <ENVIRONID>4</ENVIRONID>
            <LRINDEXFLDID>1000223</LRINDEXFLDID>
            <LRINDEXID>6388</LRINDEXID>
            <FLDSEQNBR>1</FLDSEQNBR>
            <LRFIELDID>407381</LRFIELDID>
            <CREATEDTIMESTAMP>2023-07-10 16:51:37</CREATEDTIMESTAMP>
            <CREATEDUSERID>NEILB   </CREATEDUSERID>
            <LASTMODTIMESTAMP>2023-07-10 16:51:37</LASTMODTIMESTAMP>
            <LASTMODUSERID>NEILB   </LASTMODUSERID>
        </Record>
    </LR-IndexField>
    <LR-LF-Association>
        <Record>
            <ENVIRONID>4</ENVIRONID>
            <LRLFASSOCID>10</LRLFASSOCID>
            <LOGFILEID>9</LOGFILEID>
            <LOGRECID>7</LOGRECID>
            <CREATEDTIMESTAMP>2011-02-14 12:23:36</CREATEDTIMESTAMP>
            <CREATEDUSERID>ADMIN   </CREATEDUSERID>
            <LASTMODTIMESTAMP>2011-02-16 07:33:54</LASTMODTIMESTAMP>
            <LASTMODUSERID>ADMIN   </LASTMODUSERID>
        </Record>
        <Record>
            <ENVIRONID>4</ENVIRONID>
            <LRLFASSOCID>4389</LRLFASSOCID>
            <LOGFILEID>55</LOGFILEID>
            <LOGRECID>7</LOGRECID>
            <CREATEDTIMESTAMP>2019-04-09 16:51:12</CREATEDTIMESTAMP>
            <CREATEDUSERID>GKOPPIK </CREATEDUSERID>
            <LASTMODTIMESTAMP>2019-04-09 16:51:12</LASTMODTIMESTAMP>
            <LASTMODUSERID>GKOPPIK </LASTMODUSERID>
        </Record>
        <Record>
            <ENVIRONID>4</ENVIRONID>
            <LRLFASSOCID>85</LRLFASSOCID>
            <LOGFILEID>68</LOGFILEID>
            <LOGRECID>7</LOGRECID>
            <CREATEDTIMESTAMP>2013-09-09 17:28:33</CREATEDTIMESTAMP>
            <CREATEDUSERID>RNESS   </CREATEDUSERID>
            <LASTMODTIMESTAMP>2013-09-09 17:28:33</LASTMODTIMESTAMP>
            <LASTMODUSERID>RNESS   </LASTMODUSERID>
        </Record>
        <Record>
            <ENVIRONID>4</ENVIRONID>
            <LRLFASSOCID>86</LRLFASSOCID>
            <LOGFILEID>69</LOGFILEID>
            <LOGRECID>7</LOGRECID>
            <CREATEDTIMESTAMP>2013-09-09 17:28:33</CREATEDTIMESTAMP>
            <CREATEDUSERID>RNESS   </CREATEDUSERID>
            <LASTMODTIMESTAMP>2013-09-09 17:28:33</LASTMODTIMESTAMP>
            <LASTMODUSERID>RNESS   </LASTMODUSERID>
        </Record>
        <Record>
            <ENVIRONID>4</ENVIRONID>
            <LRLFASSOCID>6182</LRLFASSOCID>
            <LOGFILEID>10267</LOGFILEID>
            <LOGRECID>10303</LOGRECID>
            <CREATEDTIMESTAMP>2023-05-11 10:01:13</CREATEDTIMESTAMP>
            <CREATEDUSERID>NEILB   </CREATEDUSERID>
            <LASTMODTIMESTAMP>2023-05-11 10:01:13</LASTMODTIMESTAMP>
            <LASTMODUSERID>NEILB   </LASTMODUSERID>
        </Record>
    </LR-LF-Association>
    <LogicalFile>
        <Record>
            <ENVIRONID>4</ENVIRONID>
            <LOGFILEID>9</LOGFILEID>
            <NAME>CUSTOMER</NAME>
            <COMMENTS></COMMENTS>
            <CREATEDTIMESTAMP>2011-02-14 12:13:29</CREATEDTIMESTAMP>
            <CREATEDUSERID>ADMIN   </CREATEDUSERID>
            <LASTMODTIMESTAMP>2011-02-14 17:19:10</LASTMODTIMESTAMP>
            <LASTMODUSERID>ADMIN   </LASTMODUSERID>
        </Record>
        <Record>
            <ENVIRONID>4</ENVIRONID>
            <LOGFILEID>55</LOGFILEID>
            <NAME>CUSTOMER_LF</NAME>
            <COMMENTS></COMMENTS>
            <CREATEDTIMESTAMP>2013-01-23 18:20:33</CREATEDTIMESTAMP>
            <CREATEDUSERID>MSHAP   </CREATEDUSERID>
            <LASTMODTIMESTAMP>2013-01-23 18:20:33</LASTMODTIMESTAMP>
            <LASTMODUSERID>MSHAP   </LASTMODUSERID>
        </Record>
        <Record>
            <ENVIRONID>4</ENVIRONID>
            <LOGFILEID>68</LOGFILEID>
            <NAME>SPD_PIPE_1_LF</NAME>
            <COMMENTS></COMMENTS>
            <CREATEDTIMESTAMP>2013-09-09 17:08:51</CREATEDTIMESTAMP>
            <CREATEDUSERID>RNESS   </CREATEDUSERID>
            <LASTMODTIMESTAMP>2013-09-09 17:08:51</LASTMODTIMESTAMP>
            <LASTMODUSERID>RNESS   </LASTMODUSERID>
        </Record>
        <Record>
            <ENVIRONID>4</ENVIRONID>
            <LOGFILEID>69</LOGFILEID>
            <NAME>SPD_TOKEN_1_LF</NAME>
            <COMMENTS></COMMENTS>
            <CREATEDTIMESTAMP>2013-09-09 17:09:26</CREATEDTIMESTAMP>
            <CREATEDUSERID>RNESS   </CREATEDUSERID>
            <LASTMODTIMESTAMP>2013-09-09 17:09:26</LASTMODTIMESTAMP>
            <LASTMODUSERID>RNESS   </LASTMODUSERID>
        </Record>
        <Record>
            <ENVIRONID>4</ENVIRONID>
            <LOGFILEID>10267</LOGFILEID>
            <NAME>TRN_JAVA_GVBXLENV_LF</NAME>
            <COMMENTS></COMMENTS>
            <CREATEDTIMESTAMP>2023-05-01 13:59:55</CREATEDTIMESTAMP>
            <CREATEDUSERID>NEILB   </CREATEDUSERID>
            <LASTMODTIMESTAMP>2023-05-01 13:59:55</LASTMODTIMESTAMP>
            <LASTMODUSERID>NEILB   </LASTMODUSERID>
        </Record>
    </LogicalFile>
    <LF-PF-Association>
        <Record>
            <ENVIRONID>4</ENVIRONID>
            <LFPFASSOCID>28</LFPFASSOCID>
            <PHYFILEID>16</PHYFILEID>
            <PARTSEQNBR>1</PARTSEQNBR>
            <LOGFILEID>9</LOGFILEID>
            <CREATEDTIMESTAMP>2011-02-14 12:13:29</CREATEDTIMESTAMP>
            <CREATEDUSERID>ADMIN   </CREATEDUSERID>
            <LASTMODTIMESTAMP>2011-02-14 17:19:10</LASTMODTIMESTAMP>
            <LASTMODUSERID>ADMIN   </LASTMODUSERID>
        </Record>
        <Record>
            <ENVIRONID>4</ENVIRONID>
            <LFPFASSOCID>97</LFPFASSOCID>
            <PHYFILEID>66</PHYFILEID>
            <PARTSEQNBR>1</PARTSEQNBR>
            <LOGFILEID>55</LOGFILEID>
            <CREATEDTIMESTAMP>2013-01-23 18:20:33</CREATEDTIMESTAMP>
            <CREATEDUSERID>MSHAP   </CREATEDUSERID>
            <LASTMODTIMESTAMP>2013-01-23 18:20:33</LASTMODTIMESTAMP>
            <LASTMODUSERID>MSHAP   </LASTMODUSERID>
        </Record>
        <Record>
            <ENVIRONID>4</ENVIRONID>
            <LFPFASSOCID>112</LFPFASSOCID>
            <PHYFILEID>79</PHYFILEID>
            <PARTSEQNBR>1</PARTSEQNBR>
            <LOGFILEID>68</LOGFILEID>
            <CREATEDTIMESTAMP>2013-09-09 17:08:51</CREATEDTIMESTAMP>
            <CREATEDUSERID>RNESS   </CREATEDUSERID>
            <LASTMODTIMESTAMP>2013-09-09 17:08:51</LASTMODTIMESTAMP>
            <LASTMODUSERID>RNESS   </LASTMODUSERID>
        </Record>
        <Record>
            <ENVIRONID>4</ENVIRONID>
            <LFPFASSOCID>113</LFPFASSOCID>
            <PHYFILEID>80</PHYFILEID>
            <PARTSEQNBR>1</PARTSEQNBR>
            <LOGFILEID>69</LOGFILEID>
            <CREATEDTIMESTAMP>2013-09-09 17:09:26</CREATEDTIMESTAMP>
            <CREATEDUSERID>RNESS   </CREATEDUSERID>
            <LASTMODTIMESTAMP>2013-09-09 17:09:26</LASTMODTIMESTAMP>
            <LASTMODUSERID>RNESS   </LASTMODUSERID>
        </Record>
        <Record>
            <ENVIRONID>4</ENVIRONID>
            <LFPFASSOCID>20337</LFPFASSOCID>
            <PHYFILEID>12035</PHYFILEID>
            <PARTSEQNBR>1</PARTSEQNBR>
            <LOGFILEID>10267</LOGFILEID>
            <CREATEDTIMESTAMP>2023-05-01 13:59:55</CREATEDTIMESTAMP>
            <CREATEDUSERID>NEILB   </CREATEDUSERID>
            <LASTMODTIMESTAMP>2023-05-01 13:59:55</LASTMODTIMESTAMP>
            <LASTMODUSERID>NEILB   </LASTMODUSERID>
        </Record>
    </LF-PF-Association>
    <PhysicalFile>
        <Record>
            <ENVIRONID>4</ENVIRONID>
            <PHYFILEID>16</PHYFILEID>
            <NAME>CUSTOMER</NAME>
            <FILETYPECD>DISK </FILETYPECD>
            <DISKFILETYPECD></DISKFILETYPECD>
            <ACCESSMETHODCD>SEQIN</ACCESSMETHODCD>
            <READEXITID>0</READEXITID>
            <READEXITSTARTUP></READEXITSTARTUP>
            <DDNAMEINPUT>CUSTOMER</DDNAMEINPUT>
            <DSN></DSN>
            <MINRECLEN>0</MINRECLEN>
            <MAXRECLEN>0</MAXRECLEN>
            <DDNAMEOUTPUT>        </DDNAMEOUTPUT>
            <RECFM></RECFM>
            <LRECL>0</LRECL>
            <DBMSSUBSYS></DBMSSUBSYS>
            <DBMSSQL><![CDATA[]]></DBMSSQL>
            <DBMSTABLE></DBMSTABLE>
            <DBMSROWFMTCD></DBMSROWFMTCD>
            <DBMSINCLNULLSIND>0</DBMSINCLNULLSIND>
            <COMMENTS></COMMENTS>
            <CREATEDTIMESTAMP>2011-02-14 12:12:23</CREATEDTIMESTAMP>
            <CREATEDUSERID>ADMIN   </CREATEDUSERID>
            <LASTMODTIMESTAMP>2011-02-14 18:42:21</LASTMODTIMESTAMP>
            <LASTMODUSERID>ADMIN   </LASTMODUSERID>
        </Record>
        <Record>
            <ENVIRONID>4</ENVIRONID>
            <PHYFILEID>66</PHYFILEID>
            <NAME>CUSTOMER_PF</NAME>
            <FILETYPECD>DISK </FILETYPECD>
            <DISKFILETYPECD></DISKFILETYPECD>
            <ACCESSMETHODCD>SEQIN</ACCESSMETHODCD>
            <READEXITID>0</READEXITID>
            <READEXITSTARTUP></READEXITSTARTUP>
            <DDNAMEINPUT>CUSTPF  </DDNAMEINPUT>
            <DSN></DSN>
            <MINRECLEN>0</MINRECLEN>
            <MAXRECLEN>0</MAXRECLEN>
            <DDNAMEOUTPUT>CUSTPF  </DDNAMEOUTPUT>
            <RECFM></RECFM>
            <LRECL>0</LRECL>
            <DBMSSUBSYS></DBMSSUBSYS>
            <DBMSSQL><![CDATA[]]></DBMSSQL>
            <DBMSTABLE></DBMSTABLE>
            <DBMSROWFMTCD></DBMSROWFMTCD>
            <DBMSINCLNULLSIND>0</DBMSINCLNULLSIND>
            <COMMENTS></COMMENTS>
            <CREATEDTIMESTAMP>2013-01-23 16:17:31</CREATEDTIMESTAMP>
            <CREATEDUSERID>MSHAP   </CREATEDUSERID>
            <LASTMODTIMESTAMP>2019-04-10 10:26:29</LASTMODTIMESTAMP>
            <LASTMODUSERID>GKOPPIK </LASTMODUSERID>
        </Record>
        <Record>
            <ENVIRONID>4</ENVIRONID>
            <PHYFILEID>79</PHYFILEID>
            <NAME>SPD_PIPE_1_PF</NAME>
            <FILETYPECD>PIPE </FILETYPECD>
            <DISKFILETYPECD></DISKFILETYPECD>
            <ACCESSMETHODCD>SEQIN</ACCESSMETHODCD>
            <READEXITID>0</READEXITID>
            <READEXITSTARTUP></READEXITSTARTUP>
            <DDNAMEINPUT>SPDPIPE1</DDNAMEINPUT>
            <DSN></DSN>
            <MINRECLEN>0</MINRECLEN>
            <MAXRECLEN>0</MAXRECLEN>
            <DDNAMEOUTPUT>SPDPIPE1</DDNAMEOUTPUT>
            <RECFM></RECFM>
            <LRECL>0</LRECL>
            <DBMSSUBSYS></DBMSSUBSYS>
            <DBMSSQL><![CDATA[]]></DBMSSQL>
            <DBMSTABLE></DBMSTABLE>
            <DBMSROWFMTCD></DBMSROWFMTCD>
            <DBMSINCLNULLSIND>0</DBMSINCLNULLSIND>
            <COMMENTS></COMMENTS>
            <CREATEDTIMESTAMP>2013-09-09 17:05:09</CREATEDTIMESTAMP>
            <CREATEDUSERID>RNESS   </CREATEDUSERID>
            <LASTMODTIMESTAMP>2013-09-09 17:05:09</LASTMODTIMESTAMP>
            <LASTMODUSERID>RNESS   </LASTMODUSERID>
        </Record>
        <Record>
            <ENVIRONID>4</ENVIRONID>
            <PHYFILEID>80</PHYFILEID>
            <NAME>SPD_TOKEN_1_PF</NAME>
            <FILETYPECD>TOKEN</FILETYPECD>
            <DISKFILETYPECD></DISKFILETYPECD>
            <ACCESSMETHODCD>SEQIN</ACCESSMETHODCD>
            <READEXITID>0</READEXITID>
            <READEXITSTARTUP></READEXITSTARTUP>
            <DDNAMEINPUT>SPDTOKN1</DDNAMEINPUT>
            <DSN></DSN>
            <MINRECLEN>0</MINRECLEN>
            <MAXRECLEN>0</MAXRECLEN>
            <DDNAMEOUTPUT>SPDTOKN1</DDNAMEOUTPUT>
            <RECFM></RECFM>
            <LRECL>0</LRECL>
            <DBMSSUBSYS></DBMSSUBSYS>
            <DBMSSQL><![CDATA[]]></DBMSSQL>
            <DBMSTABLE></DBMSTABLE>
            <DBMSROWFMTCD></DBMSROWFMTCD>
            <DBMSINCLNULLSIND>0</DBMSINCLNULLSIND>
            <COMMENTS></COMMENTS>
            <CREATEDTIMESTAMP>2013-09-09 17:06:36</CREATEDTIMESTAMP>
            <CREATEDUSERID>RNESS   </CREATEDUSERID>
            <LASTMODTIMESTAMP>2013-09-09 17:06:36</LASTMODTIMESTAMP>
            <LASTMODUSERID>RNESS   </LASTMODUSERID>
        </Record>
        <Record>
            <ENVIRONID>4</ENVIRONID>
            <PHYFILEID>12035</PHYFILEID>
            <NAME>TRN_JAVA_GVBXLENV_PF</NAME>
            <FILETYPECD>DISK </FILETYPECD>
            <DISKFILETYPECD></DISKFILETYPECD>
            <ACCESSMETHODCD>SEQIN</ACCESSMETHODCD>
            <READEXITID>0</READEXITID>
            <READEXITSTARTUP></READEXITSTARTUP>
            <DDNAMEINPUT></DDNAMEINPUT>
            <DSN></DSN>
            <MINRECLEN>0</MINRECLEN>
            <MAXRECLEN>0</MAXRECLEN>
            <DDNAMEOUTPUT></DDNAMEOUTPUT>
            <RECFM></RECFM>
            <LRECL>0</LRECL>
            <DBMSSUBSYS></DBMSSUBSYS>
            <DBMSSQL><![CDATA[]]></DBMSSQL>
            <DBMSTABLE></DBMSTABLE>
            <DBMSROWFMTCD></DBMSROWFMTCD>
            <DBMSINCLNULLSIND>0</DBMSINCLNULLSIND>
            <COMMENTS></COMMENTS>
            <CREATEDTIMESTAMP>2023-05-01 13:59:03</CREATEDTIMESTAMP>
            <CREATEDUSERID>NEILB   </CREATEDUSERID>
            <LASTMODTIMESTAMP>2023-05-01 13:59:03</LASTMODTIMESTAMP>
            <LASTMODUSERID>NEILB   </LASTMODUSERID>
        </Record>
    </PhysicalFile>
    <Exit>
        <Record>
            <ENVIRONID>4</ENVIRONID>
            <EXITID>505</EXITID>
            <NAME>GVBJLENV</NAME>
            <MODULEID>GVBJLENV          </MODULEID>
            <EXITTYPECD>LKUP </EXITTYPECD>
            <PROGRAMTYPECD>ASMLR</PROGRAMTYPECD>
            <OPTIMIZEIND>0</OPTIMIZEIND>
            <COMMENTS>Environment parameters lookup exit</COMMENTS>
            <CREATEDTIMESTAMP>2023-05-01 14:56:40</CREATEDTIMESTAMP>
            <CREATEDUSERID>NEILB   </CREATEDUSERID>
            <LASTMODTIMESTAMP>2023-05-04 13:03:29</LASTMODTIMESTAMP>
            <LASTMODUSERID>NEILB   </LASTMODUSERID>
        </Record>
    </Exit>
    <ControlRecord>
        <Record>
            <ENVIRONID>4</ENVIRONID>
            <CONTROLRECID>1</CONTROLRECID>
            <NAME>Default_Install                                                 </NAME>
            <FIRSTMONTH>1</FIRSTMONTH>
            <LOWVALUE>1</LOWVALUE>
            <HIGHVALUE>12</HIGHVALUE>
            <COMMENTS>Created automatically during initialization</COMMENTS>
            <CREATEDTIMESTAMP>2011-02-13 20:31:42</CREATEDTIMESTAMP>
            <CREATEDUSERID>ADMIN   </CREATEDUSERID>
            <LASTMODTIMESTAMP>2011-02-13 20:31:42</LASTMODTIMESTAMP>
            <LASTMODUSERID>ADMIN   </LASTMODUSERID>
        </Record>
    </ControlRecord>
</safrxml>
